<?xml version="1.0" encoding="UTF-8" standalone="yes"?>
<addon id="plugin.video.mlbmc.hls"
       name="MLBMC(mlb-hls)"
       version="0.0.3"
       provider-name="divingmule">
  <requires>
    <import addon="xbmc.python" version="2.0"/>
	<import addon="script.module.beautifulsoup" version="3.0.8"/>
  </requires>
  <extension point="xbmc.python.pluginsource"
            library="default.py">
        <provides>video</provides>
  </extension>
  <extension point="xbmc.addon.metadata">
    <summary>Videos from mlb.com, Live games for MLB.tv subscribers.</summary>
    <description>Video highlights from MLB.com. MLb.tv subscribers can watch the live and archived games. Usually there is a free game of the day witch only requires a mlb.com account.</description>
    <platform>all</platform>
  </extension>
</addon>
